ID,DEPT,LINEID,EQPID,STIME,ETIME,MSTATUS,OPSTATUS,DURATION,isDel
35799,6,L1A,3,20241029073422,20241029073429,31,3,6,0
35802,6,L1A,3,20241029073430,20241029073437,31,3,6,0
35803,6,L1A,3,20241029073438,20241029073439,30,3,0,0
35804,6,L1A,3,20241029073440,20241029073447,31,3,6,0
35805,6,L1A,3,20241029073447,20241029073449,30,3,1,0
35806,6,L1A,3,20241029073449,20241029073455,31,3,5,0
35807,6,L1A,3,20241029073456,20241029073457,30,3,0,0
35808,6,L1A,3,20241029073458,20241029073505,31,3,6,0
35809,6,L1A,3,20241029073505,20241029073507,30,3,1,0
35810,6,L1A,3,20241029073507,20241029073514,31,3,6,0
35811,6,L1A,3,20241029073514,20241029073521,31,3,6,0
35812,6,L1A,3,20241029073523,20241029073524,30,3,0,0
35813,6,L1A,3,20241029073525,20241029073532,31,3,6,0
35814,6,L1A,3,20241029073533,20241029073540,31,3,6,0
35815,6,L1A,3,20241029073541,20241029073542,30,3,0,0
35816,6,L1A,3,20241029073543,20241029073550,31,3,6,0
35817,6,L1A,3,20241029073551,20241029073558,31,3,6,0
35818,6,L1A,3,20241029073600,20241029073607,31,3,6,0
35819,6,L1A,3,20241029073608,20241029073609,30,3,0,0
35820,6,L1A,3,20241029073610,20241029073617,31,3,6,0
35821,6,L1A,3,20241029073618,20241029073625,31,3,6,0
35822,6,L1A,3,20241029073626,20241029073627,30,3,0,0
35823,6,L1A,3,20241029073628,20241029073635,31,3,6,0
35824,6,L1A,3,20241029073635,20241029073642,31,3,6,0
35825,6,L1A,3,20241029073643,20241029073646,30,3,2,0
35826,6,L1A,3,20241029073646,20241029073652,31,3,5,0
35827,6,L1A,3,20241029073653,20241029073654,30,3,0,0
35828,6,L1A,3,20241029073655,20241029073702,31,3,6,0
35829,6,L1A,3,20241029073703,20241029073710,31,3,6,0
35830,6,L1A,3,20241029073711,20241029073712,30,3,0,0
35831,6,L1A,3,20241029073713,20241029073720,31,3,6,0
35832,6,L1A,3,20241029073720,20241029073727,31,3,6,0
35833,6,L1A,3,20241029073728,20241029073731,30,3,2,0
35834,6,L1A,3,20241029073731,20241029073737,31,3,5,0
35835,6,L1A,3,20241029073738,20241029073739,30,3,0,0
35836,6,L1A,3,20241029073739,20241029073747,31,3,7,0
35837,6,L1A,3,20241029073747,20241029073749,30,3,1,0
35838,6,L1A,3,20241029073749,20241029073755,31,3,5,0
35839,6,L1A,3,20241029073756,20241029073757,30,3,0,0
35840,6,L1A,3,20241029073758,20241029073805,31,3,6,0
35841,6,L1A,3,20241029073805,20241029073812,31,3,6,0
35842,6,L1A,3,20241029073813,20241029073816,30,3,2,0
35843,6,L1A,3,20241029073816,20241029073824,31,3,7,0
35844,6,L1A,3,20241029073824,20241029073832,31,3,7,0
35845,6,L1A,3,20241029073832,20241029073834,30,3,1,0
35846,6,L1A,3,20241029073834,20241029073840,31,3,5,0
35847,6,L1A,3,20241029073841,20241029073842,30,3,0,0
35848,6,L1A,3,20241029073843,20241029073850,31,3,6,0
35849,6,L1A,3,20241029073851,20241029073856,31,3,4,0
35850,6,L1A,3,20241029073858,20241029073901,30,3,2,0
35851,6,L1A,3,20241029073901,20241029073909,31,3,7,0
35852,6,L1A,3,20241029073909,20241029073917,31,3,7,0
35853,6,L1A,3,20241029073917,20241029073919,30,3,1,0
35854,6,L1A,3,20241029073919,20241029073927,31,3,7,0
35855,6,L1A,3,20241029073934,20241029073936,30,3,1,0
35856,6,L1A,3,20241029073936,20241029073941,31,3,4,0
35857,6,L1A,3,20241029073943,20241029073946,30,3,2,0
35858,6,L1A,3,20241029073946,20241029073954,31,3,7,0
35859,6,L1A,3,20241029073954,20241029074002,31,3,7,0
35860,6,L1A,3,20241029074002,20241029074004,30,3,1,0
35861,6,L1A,3,20241029074004,20241029074012,31,3,7,0
35862,6,L1A,3,20241029074019,20241029074021,30,3,1,0
35863,6,L1A,3,20241029074021,20241029074028,31,3,6,0
35864,6,L1A,3,20241029074030,20241029074037,31,3,6,0
35865,6,L1A,3,20241029074038,20241029074039,30,3,0,0
35866,6,L1A,3,20241029074040,20241029074047,31,3,6,0
35867,6,L1A,3,20241029074047,20241029074049,30,3,1,0
35868,6,L1A,3,20241029074049,20241029074057,31,3,7,0
35869,6,L1A,3,20241029074104,20241029074106,30,3,1,0
35870,6,L1A,3,20241029074106,20241029074113,31,3,6,0
35871,6,L1A,3,20241029074115,20241029074122,31,3,6,0
35872,6,L1A,3,20241029074123,20241029074124,30,3,0,0
35873,6,L1A,3,20241029074125,20241029074132,31,3,6,0
35874,6,L1A,3,20241029074133,20241029074142,31,3,8,0
35875,6,L1A,3,20241029074149,20241029074151,30,3,1,0
35876,6,L1A,3,20241029074151,20241029074158,31,3,6,0
35877,6,L1A,3,20241029074200,20241029074207,31,3,6,0
35878,6,L1A,3,20241029074208,20241029074209,30,3,0,0
35879,6,L1A,3,20241029074210,20241029074217,31,3,6,0
35880,6,L1A,3,20241029074217,20241029074225,31,3,7,0
35882,6,L1A,3,20241029074225,20241029074227,30,3,1,0
35883,6,L1A,3,20241029074228,20241029074235,31,3,6,0
35884,6,L1A,3,20241029074235,20241029074243,31,3,7,0
35885,6,L1A,3,20241029074244,20241029074252,31,3,7,0
35886,6,L1A,3,20241029074252,20241029074254,30,3,1,0
35887,6,L1A,3,20241029074255,20241029074302,31,3,6,0
35888,6,L1A,3,20241029074302,20241029074310,31,3,7,0
35889,6,L1A,3,20241029074310,20241029074312,30,3,1,0
35890,6,L1A,3,20241029074313,20241029074320,31,3,6,0
35891,6,L1A,3,20241029074321,20241029074329,31,3,7,0
35892,6,L1A,3,20241029074330,20241029074338,31,3,7,0
35893,6,L1A,3,20241029074339,20241029074347,31,3,7,0
35894,6,L1A,3,20241029074348,20241029074356,31,3,7,0
35895,6,L1A,3,20241029074357,20241029074405,31,3,7,0
35896,6,L1A,3,20241029074406,20241029074414,31,3,7,0
35897,6,L1A,3,20241029074414,20241029074416,30,3,1,0
35898,6,L1A,3,20241029074416,20241029074423,31,3,6,0
35899,6,L1A,3,20241029074424,20241029074432,31,3,7,0
35900,6,L1A,3,20241029074433,20241029074441,31,3,7,0
35902,6,L1A,3,20241029074442,20241029074450,31,3,7,0
35903,6,L1A,3,20241029074451,20241029074459,31,3,7,0
35905,6,L1A,3,20241029074459,20241029074501,30,3,1,0
35906,6,L1A,3,20241029074501,20241029074508,31,3,6,0
35907,6,L1A,3,20241029074509,20241029074517,31,3,7,0
35908,6,L1A,3,20241029074517,20241029074519,30,3,1,0
35909,6,L1A,3,20241029074519,20241029074526,31,3,6,0
35910,6,L1A,3,20241029074527,20241029074535,31,3,7,0
35911,6,L1A,3,20241029074536,20241029074537,30,3,0,0
35912,6,L1A,3,20241029074537,20241029074545,31,3,7,0
35913,6,L1A,3,20241029074545,20241029074546,30,3,0,0
35914,6,L1A,3,20241029074546,20241029074554,31,3,7,0
35915,6,L1A,3,20241029074554,20241029074555,30,3,0,0
35916,6,L1A,3,20241029074555,20241029074603,31,3,7,0
35917,6,L1A,3,20241029074603,20241029074604,30,3,0,0
35918,6,L1A,3,20241029074604,20241029074612,31,3,7,0
35919,6,L1A,3,20241029074612,20241029074621,31,3,8,0
35920,6,L1A,3,20241029074621,20241029074630,31,3,8,0
35921,6,L1A,3,20241029074630,20241029074639,31,3,8,0
35922,6,L1A,3,20241029074639,20241029074648,31,3,8,0
35923,6,L1A,3,20241029074648,20241029074657,31,3,8,0
35924,6,L1A,3,20241029074657,20241029074705,31,3,7,0
35925,6,L1A,3,20241029074705,20241029074706,30,3,0,0
35926,6,L1A,3,20241029074707,20241029074715,31,3,7,0
35927,6,L1A,3,20241029074715,20241029074724,31,3,8,0
35928,6,L1A,3,20241029074724,20241029074733,31,3,8,0
35929,6,L1A,3,20241029074733,20241029074742,31,3,8,0
35930,6,L1A,3,20241029074742,20241029074750,31,3,7,0
35931,6,L1A,3,20241029074750,20241029074751,30,3,0,0
35932,6,L1A,3,20241029074752,20241029074800,31,3,7,0
35933,6,L1A,3,20241029074800,20241029074808,31,3,7,0
35934,6,L1A,3,20241029074808,20241029074809,30,3,0,0
35935,6,L1A,3,20241029074810,20241029074818,31,3,7,0
35936,6,L1A,3,20241029074818,20241029074827,31,3,8,0
35937,6,L1A,3,20241029074827,20241029074836,31,3,8,0
35938,6,L1A,3,20241029074836,20241029074845,31,3,8,0
35939,6,L1A,3,20241029074846,20241029074855,31,3,8,0
35941,6,L1A,3,20241029074855,20241029074904,31,3,8,0
35943,6,L1A,3,20241029074911,20241029074920,31,3,8,0
35945,6,L1A,3,20241029074921,20241029074930,31,3,8,0
35946,6,L1A,3,20241029074930,20241029074939,31,3,8,0
35948,6,L1A,3,20241029074939,20241029074948,31,3,8,0
35949,6,L1A,3,20241029074948,20241029074955,31,3,6,0
35950,6,L1A,3,20241029074956,20241029074958,30,3,1,0
35951,6,L1A,3,20241029074958,20241029075006,31,3,7,0
35952,6,L1A,3,20241029075006,20241029075015,31,3,8,0
35953,6,L1A,3,20241029075015,20241029075024,31,3,8,0
35954,6,L1A,3,20241029075024,20241029075033,31,3,8,0
35955,6,L1A,3,20241029075033,20241029075042,31,3,8,0
35956,6,L1A,3,20241029075042,20241029075051,31,3,8,0
35958,6,L1A,3,20241029075051,20241029075100,31,3,8,0
35960,6,L1A,3,20241029075100,20241029075109,31,3,8,0
35961,6,L1A,3,20241029075109,20241029075118,31,3,8,0
35962,6,L1A,3,20241029075118,20241029075127,31,3,8,0
35963,6,L1A,3,20241029075127,20241029075136,31,3,8,0
35964,6,L1A,3,20241029075136,20241029075145,31,3,8,0
35966,6,L1A,3,20241029075145,20241029075154,31,3,8,0
35967,6,L1A,3,20241029075154,20241029075203,31,3,8,0
35968,6,L1A,3,20241029075203,20241029075211,31,3,7,0
35969,6,L1A,3,20241029075212,20241029075220,31,3,7,0
35970,6,L1A,3,20241029075221,20241029075229,31,3,7,0
35971,6,L1A,3,20241029075230,20241029075238,31,3,7,0
35972,6,L1A,3,20241029075239,20241029075247,31,3,7,0
35973,6,L1A,3,20241029075248,20241029075256,31,3,7,0
35974,6,L1A,3,20241029075257,20241029075305,31,3,7,0
35975,6,L1A,3,20241029075306,20241029075314,31,3,7,0
35976,6,L1A,3,20241029075315,20241029075323,31,3,7,0
35977,6,L1A,3,20241029075324,20241029075332,31,3,7,0
35978,6,L1A,3,20241029075333,20241029075341,31,3,7,0
35979,6,L1A,3,20241029075342,20241029075350,31,3,7,0
35980,6,L1A,3,20241029075350,20241029075358,31,3,7,0
35981,6,L1A,3,20241029075359,20241029075407,31,3,7,0
35982,6,L1A,3,20241029075408,20241029075416,31,3,7,0
35983,6,L1A,3,20241029075417,20241029075425,31,3,7,0
35984,6,L1A,3,20241029075426,20241029075434,31,3,7,0
35985,6,L1A,3,20241029075435,20241029075443,31,3,7,0
35986,6,L1A,3,20241029075444,20241029075452,31,3,7,0
35987,6,L1A,3,20241029075453,20241029075501,31,3,7,0
35988,6,L1A,3,20241029075502,20241029075510,31,3,7,0
35989,6,L1A,3,20241029075511,20241029075519,31,3,7,0
35990,6,L1A,3,20241029075520,20241029075528,31,3,7,0
35991,6,L1A,3,20241029075529,20241029080013,31,3,283,0
35992,6,L1A,3,20241029080015,20241029080016,65535,-1,0,0
35993,6,L1A,3,20241029080016,20241029080026,31,3,9,0
35994,6,L1A,3,20241029080026,20241029080028,65535,-1,1,0
35996,6,L1A,3,20241029080028,20241029080036,31,3,7,0
36000,6,L1A,3,20241029080037,20241029080039,65535,-1,1,0
36001,6,L1A,3,20241029080040,20241029080044,31,3,3,0
36002,6,L1A,3,20241029080044,20241029080046,65535,-1,1,0
36004,6,L1A,3,20241029080047,20241029080056,31,3,8,0
36005,6,L1A,3,20241029080056,20241029080058,65535,-1,1,0
36006,6,L1A,3,20241029080058,20241029080100,11,1,1,0
36007,6,L1A,3,20241029080101,20241029080102,65535,-1,0,0
36008,6,L1A,3,20241029080102,20241029080106,25,2,3,0
36009,6,L1A,3,20241029080107,20241029080140,10,1,32,0
36016,6,L1A,3,20241029080155,20241029080201,10,1,5,0
36019,6,L1A,3,20241029080216,20241029080228,10,1,11,0
36021,6,L1A,3,20241029080228,20241029080254,12,1,25,0
36025,6,L1A,3,20241029080255,20241029080301,10,1,5,0
36027,6,L1A,3,20241029080301,20241029080320,12,1,18,0
36034,6,L1A,3,20241029080420,20241029080457,12,1,36,0
36038,6,L1A,3,20241029080457,20241029080459,11,1,1,0
36039,6,L1A,3,20241029080500,20241029080545,20,2,44,0
36044,6,L1A,3,20241029080545,20241029080546,24,2,0,0
36045,6,L1A,3,20241029080546,20241029080548,11,1,1,0
36046,6,L1A,3,20241029080550,20241029080554,25,2,3,0
36047,6,L1A,3,20241029080554,20241029080558,10,1,3,0
36048,6,L1A,3,20241029080559,20241029080607,12,1,7,0
36049,6,L1A,3,20241029080607,20241029080631,10,1,23,0
36052,6,L1A,3,20241029080632,20241029080651,12,1,18,0
36056,6,L1A,3,20241029080651,20241029080655,10,1,3,0
36057,6,L1A,3,20241029080656,20241029080707,12,1,10,0
36061,6,L1A,3,20241029080707,20241029080718,10,1,10,0
36067,6,L1A,3,20241029080733,20241029080737,10,1,3,0
36068,6,L1A,3,20241029080738,20241029080752,12,1,13,0
36073,6,L1A,3,20241029080753,20241029080805,10,1,11,0
36077,6,L1A,3,20241029080805,20241029080815,12,1,9,0
36079,6,L1A,3,20241029080815,20241029080820,10,1,4,0
36080,6,L1A,3,20241029080820,20241029080833,12,1,12,0
36083,6,L1A,3,20241029080833,20241029081103,10,1,149,0
36100,6,L1A,3,20241029081103,20241029081125,12,1,21,0
36104,6,L1A,3,20241029081125,20241029081130,10,1,4,0
36105,6,L1A,3,20241029081130,20241029081144,12,1,13,0
36106,6,L1A,3,20241029081144,20241029081159,10,1,14,0
36108,6,L1A,3,20241029081159,20241029081217,12,1,17,0
36111,6,L1A,3,20241029081218,20241029081226,10,1,7,0
36113,6,L1A,3,20241029081226,20241029081229,12,1,2,0
36114,6,L1A,3,20241029081230,20241029081349,10,1,78,0
36119,6,L1A,3,20241029081349,20241029081358,12,1,8,0
36120,6,L1A,3,20241029081359,20241029081403,10,1,3,0
36122,6,L1A,3,20241029081403,20241029081414,12,1,10,0
36123,6,L1A,3,20241029081415,20241029081640,10,1,144,0
36135,6,L1A,3,20241029081640,20241029081849,12,1,128,0
36142,6,L1A,3,20241029081849,20241029081854,10,1,4,0
36143,6,L1A,3,20241029081855,20241029081903,12,1,7,0
36144,6,L1A,3,20241029081903,20241029081959,10,1,55,0
36147,6,L1A,3,20241029081959,20241029082009,12,1,9,0
36149,6,L1A,3,20241029082010,20241029082023,10,1,12,0
36151,6,L1A,3,20241029082023,20241029082032,12,1,8,0
36153,6,L1A,3,20241029082032,20241029082037,10,1,4,0
36155,6,L1A,3,20241029082037,20241029082054,12,1,16,0
36156,6,L1A,3,20241029082055,20241029082317,10,1,141,0
36171,6,L1A,3,20241029082340,20241029082346,10,1,5,0
36172,6,L1A,3,20241029082346,20241029082358,12,1,11,0
36174,6,L1A,3,20241029082358,20241029082427,10,1,28,0
36184,6,L1A,3,20241029082436,20241029082441,10,1,4,0
36186,6,L1A,3,20241029082442,20241029082457,12,1,14,0
36191,6,L1A,3,20241029082457,20241029082510,10,1,12,0
36192,6,L1A,3,20241029082510,20241029082535,12,1,24,0
36195,6,L1A,3,20241029082535,20241029082540,10,1,4,0
36196,6,L1A,3,20241029082540,20241029082556,12,1,15,0
36198,6,L1A,3,20241029082556,20241029082634,10,1,37,0
36201,6,L1A,3,20241029082634,20241029082717,12,1,42,0
36210,6,L1A,3,20241029082717,20241029082722,10,1,4,0
36211,6,L1A,3,20241029082722,20241029082737,12,1,14,0
36225,6,L1A,3,20241029082917,20241029082932,12,1,14,0
36226,6,L1A,3,20241029082933,20241029082940,10,1,6,0
36227,6,L1A,3,20241029082941,20241029082949,12,1,7,0
36228,6,L1A,3,20241029082949,20241029083053,10,1,63,0
36235,6,L1A,3,20241029083055,20241029083106,12,1,10,0
36237,6,L1A,3,20241029083106,20241029083111,10,1,4,0
36239,6,L1A,3,20241029083111,20241029083122,12,1,10,0
36241,6,L1A,3,20241029083123,20241029083209,10,1,45,0
36247,6,L1A,3,20241029083210,20241029083221,12,1,10,0
36248,6,L1A,3,20241029083222,20241029083226,10,1,3,0
36249,6,L1A,3,20241029083226,20241029083242,12,1,15,0
36251,6,L1A,3,20241029083242,20241029083445,10,1,122,0
36262,6,L1A,3,20241029083445,20241029083452,12,1,6,0
36265,6,L1A,3,20241029083452,20241029083530,10,1,37,0
36269,6,L1A,3,20241029083530,20241029083543,12,1,12,0
36270,6,L1A,3,20241029083543,20241029083621,10,1,37,0
36277,6,L1A,3,20241029083621,20241029083629,12,1,7,0
36280,6,L1A,3,20241029083629,20241029083634,10,1,4,0
36283,6,L1A,3,20241029083634,20241029083645,12,1,10,0
36285,6,L1A,3,20241029083646,20241029083703,10,1,16,0
36290,6,L1A,3,20241029083704,20241029083713,12,1,8,0
36293,6,L1A,3,20241029083713,20241029083718,10,1,4,0
36294,6,L1A,3,20241029083718,20241029083731,12,1,12,0
36297,6,L1A,3,20241029083731,20241029083745,10,1,13,0
36301,6,L1A,3,20241029083745,20241029083820,12,1,34,0
36308,6,L1A,3,20241029083820,20241029083825,10,1,4,0
36309,6,L1A,3,20241029083825,20241029083837,12,1,11,0
36310,6,L1A,3,20241029083838,20241029083851,10,1,12,0
36312,6,L1A,3,20241029083851,20241029083932,12,1,40,0
36318,6,L1A,3,20241029083932,20241029083937,10,1,4,0
36320,6,L1A,3,20241029083938,20241029083951,12,1,12,0
36323,6,L1A,3,20241029083952,20241029084021,10,1,28,0
36328,6,L1A,3,20241029084021,20241029084039,12,1,17,0
36330,6,L1A,3,20241029084039,20241029084044,10,1,4,0
36331,6,L1A,3,20241029084044,20241029084054,12,1,9,0
36334,6,L1A,3,20241029084054,20241029084141,10,1,46,0
36341,6,L1A,3,20241029084159,20241029084204,10,1,4,0
36342,6,L1A,3,20241029084205,20241029084215,12,1,9,0
36344,6,L1A,3,20241029084215,20241029084246,10,1,30,0
36348,6,L1A,3,20241029084246,20241029084255,12,1,8,0
36349,6,L1A,3,20241029084255,20241029084301,10,1,5,0
36350,6,L1A,3,20241029084301,20241029084313,12,1,11,0
36353,6,L1A,3,20241029084314,20241029084342,10,1,27,0
36363,6,L1A,3,20241029084355,20241029084400,10,1,4,0
36365,6,L1A,3,20241029084401,20241029084414,12,1,12,0
36367,6,L1A,3,20241029084415,20241029084430,10,1,14,0
36369,6,L1A,3,20241029084430,20241029084446,12,1,15,0
36373,6,L1A,3,20241029084446,20241029084451,10,1,4,0
36374,6,L1A,3,20241029084451,20241029084504,12,1,12,0
36376,6,L1A,3,20241029084504,20241029084837,10,1,212,0
36402,6,L1A,3,20241029084838,20241029084849,12,1,10,0
36405,6,L1A,3,20241029084849,20241029084854,10,1,4,0
36408,6,L1A,3,20241029084855,20241029084910,12,1,14,0
36412,6,L1A,3,20241029084910,20241029084922,10,1,11,0
36414,6,L1A,3,20241029084922,20241029084931,12,1,8,0
36418,6,L1A,3,20241029084932,20241029084937,10,1,4,0
36420,6,L1A,3,20241029084938,20241029084951,12,1,12,0
36422,6,L1A,3,20241029084951,20241029085002,10,1,10,0
36425,6,L1A,3,20241029085003,20241029085013,12,1,9,0
36431,6,L1A,3,20241029085013,20241029085018,10,1,4,0
36432,6,L1A,3,20241029085018,20241029085031,12,1,12,0
36436,6,L1A,3,20241029085032,20241029085048,10,1,15,0
36437,6,L1A,3,20241029085048,20241029085104,12,1,15,0
36441,6,L1A,3,20241029085104,20241029085106,10,1,1,0
36442,6,L1A,3,20241029085106,20241029085121,12,1,14,0
36447,6,L1A,3,20241029085122,20241029085219,10,1,56,0
36459,6,L1A,3,20241029085219,20241029085234,12,1,14,0
36462,6,L1A,3,20241029085234,20241029085238,10,1,3,0
36463,6,L1A,3,20241029085239,20241029085256,12,1,16,0
36465,6,L1A,3,20241029085256,20241029085307,10,1,10,0
36468,6,L1A,3,20241029085307,20241029085320,12,1,12,0
36472,6,L1A,3,20241029085320,20241029085325,10,1,4,0
36474,6,L1A,3,20241029085325,20241029085336,12,1,10,0
36478,6,L1A,3,20241029085336,20241029085350,10,1,13,0
36482,6,L1A,3,20241029085350,20241029085359,12,1,8,0
36485,6,L1A,3,20241029085359,20241029085405,10,1,5,0
36486,6,L1A,3,20241029085405,20241029085419,12,1,13,0
36489,6,L1A,3,20241029085419,20241029085448,10,1,28,0
36491,6,L1A,3,20241029085449,20241029085502,12,1,12,0
36493,6,L1A,3,20241029085502,20241029085507,10,1,4,0
36495,6,L1A,3,20241029085507,20241029085521,12,1,13,0
36496,6,L1A,3,20241029085522,20241029085617,10,1,54,0
36503,6,L1A,3,20241029085617,20241029085621,12,1,3,0
36505,6,L1A,3,20241029085621,20241029085705,10,1,43,0
36510,6,L1A,3,20241029085705,20241029085721,12,1,15,0
36513,6,L1A,3,20241029085721,20241029085806,10,1,44,0
36521,6,L1A,3,20241029085806,20241029085817,12,1,10,0
36526,6,L1A,3,20241029085818,20241029085823,10,1,4,0
36527,6,L1A,3,20241029085824,20241029085843,12,1,18,0
36529,6,L1A,3,20241029085843,20241029090004,10,1,80,0
36539,6,L1A,3,20241029090004,20241029090018,12,1,13,0
36541,6,L1A,3,20241029090019,20241029090025,10,1,5,0
36542,6,L1A,3,20241029090037,20241029090054,10,1,16,0
36544,6,L1A,3,20241029090055,20241029090105,12,1,9,0
36547,6,L1A,3,20241029090105,20241029090110,10,1,4,0
36549,6,L1A,3,20241029090110,20241029090124,12,1,13,0
36553,6,L1A,3,20241029090125,20241029090143,10,1,17,0
36557,6,L1A,3,20241029090143,20241029090159,12,1,15,0
36561,6,L1A,3,20241029090159,20241029090204,10,1,4,0
36563,6,L1A,3,20241029090204,20241029090215,12,1,10,0
36564,6,L1A,3,20241029090215,20241029090230,10,1,14,0
36566,6,L1A,3,20241029090230,20241029090244,12,1,13,0
36569,6,L1A,3,20241029090245,20241029090249,10,1,3,0
36570,6,L1A,3,20241029090249,20241029090256,12,1,6,0
36572,6,L1A,3,20241029090257,20241029090321,10,1,23,0
36578,6,L1A,3,20241029090321,20241029090331,12,1,9,0
36581,6,L1A,3,20241029090331,20241029090336,10,1,4,0
36582,6,L1A,3,20241029090336,20241029090351,12,1,14,0
36597,6,L1A,3,20241029090531,20241029090552,12,1,20,0
36600,6,L1A,3,20241029090552,20241029090557,10,1,4,0
36602,6,L1A,3,20241029090558,20241029090609,12,1,10,0
36604,6,L1A,3,20241029090610,20241029090625,10,1,14,0
36606,6,L1A,3,20241029090638,20241029090643,10,1,4,0
36609,6,L1A,3,20241029090644,20241029090659,12,1,14,0
36613,6,L1A,3,20241029090709,20241029090720,12,1,10,0
36615,6,L1A,3,20241029090720,20241029090725,10,1,4,0
36616,6,L1A,3,20241029090726,20241029090739,12,1,12,0
36621,6,L1A,3,20241029090739,20241029090815,10,1,35,0
36624,6,L1A,3,20241029090815,20241029090837,12,1,21,0
36628,6,L1A,3,20241029090838,20241029090842,10,1,3,0
36629,6,L1A,3,20241029090842,20241029090855,12,1,12,0
36635,6,L1A,3,20241029090855,20241029090907,10,1,11,0
36638,6,L1A,3,20241029090907,20241029090922,12,1,14,0
36643,6,L1A,3,20241029090922,20241029090927,10,1,4,0
36645,6,L1A,3,20241029090928,20241029090938,12,1,9,0
36649,6,L1A,3,20241029090938,20241029090949,10,1,10,0
36650,6,L1A,3,20241029090949,20241029091002,12,1,12,0
36652,6,L1A,3,20241029091002,20241029091007,10,1,4,0
36653,6,L1A,3,20241029091007,20241029091024,12,1,16,0
36655,6,L1A,3,20241029091025,20241029091223,10,1,117,0
36664,6,L1A,3,20241029091223,20241029091242,12,1,18,0
36669,6,L1A,3,20241029091242,20241029091247,10,1,4,0
36671,6,L1A,3,20241029091247,20241029091300,12,1,12,0
36675,6,L1A,3,20241029091300,20241029091311,10,1,10,0
36677,6,L1A,3,20241029091311,20241029091326,12,1,14,0
36680,6,L1A,3,20241029091326,20241029091331,10,1,4,0
36681,6,L1A,3,20241029091332,20241029091342,12,1,9,0
36683,6,L1A,3,20241029091342,20241029091417,10,1,34,0
36690,6,L1A,3,20241029091417,20241029091429,12,1,11,0
36694,6,L1A,3,20241029091429,20241029091456,10,1,26,0
36700,6,L1A,3,20241029091457,20241029091509,12,1,11,0
36703,6,L1A,3,20241029091509,20241029091515,10,1,5,0
36704,6,L1A,3,20241029091515,20241029091527,12,1,11,0
36707,6,L1A,3,20241029091527,20241029091547,10,1,19,0
36709,6,L1A,3,20241029091547,20241029091600,12,1,12,0
36714,6,L1A,3,20241029091600,20241029091605,10,1,4,0
36716,6,L1A,3,20241029091605,20241029091618,12,1,12,0
36722,6,L1A,3,20241029091635,20241029091643,12,1,7,0
36725,6,L1A,3,20241029091643,20241029091648,10,1,4,0
36729,6,L1A,3,20241029091648,20241029091700,12,1,11,0
36731,6,L1A,3,20241029091701,20241029091718,10,1,16,0
36734,6,L1A,3,20241029091718,20241029091727,12,1,8,0
36736,6,L1A,3,20241029091728,20241029091732,10,1,3,0
36737,6,L1A,3,20241029091733,20241029091746,12,1,12,0
36740,6,L1A,3,20241029091746,20241029091818,10,1,31,0
36747,6,L1A,3,20241029091819,20241029091836,12,1,16,0
36751,6,L1A,3,20241029091838,20241029092223,10,1,224,0
36769,6,L1A,3,20241029092223,20241029092234,12,1,10,0
36773,6,L1A,3,20241029092234,20241029092304,10,1,29,0
36778,6,L1A,3,20241029092304,20241029092315,12,1,10,0
36782,6,L1A,3,20241029092315,20241029092408,10,1,52,0
36792,6,L1A,3,20241029092409,20241029092410,12,1,0,0
36795,6,L1A,3,20241029092410,20241029092445,10,1,34,0
36799,6,L1A,3,20241029092446,20241029092456,12,1,9,0
36801,6,L1A,3,20241029092457,20241029092656,10,1,118,0
36814,6,L1A,3,20241029092656,20241029092707,12,1,10,0
36817,6,L1A,3,20241029092708,20241029092946,10,1,157,0
36835,6,L1A,3,20241029092947,20241029092953,12,1,5,0
36839,6,L1A,3,20241029092953,20241029092959,10,1,5,0
36844,6,L1A,3,20241029093008,20241029093041,10,1,32,0
36848,6,L1A,3,20241029093041,20241029093057,12,1,15,0
36852,6,L1A,3,20241029093057,20241029093101,10,1,3,0
36854,6,L1A,3,20241029093102,20241029093115,12,1,12,0
36856,6,L1A,3,20241029093115,20241029093524,10,1,248,0
36885,6,L1A,3,20241029093524,20241029093535,12,1,10,0
36888,6,L1A,3,20241029093536,20241029093628,10,1,51,0
36895,6,L1A,3,20241029093628,20241029093635,12,1,6,0
36896,6,L1A,3,20241029093636,20241029093704,10,1,27,0
36902,6,L1A,3,20241029093704,20241029093722,12,1,17,0
36905,6,L1A,3,20241029093722,20241029093755,10,1,32,0
36912,6,L1A,3,20241029093755,20241029093807,12,1,11,0
36913,6,L1A,3,20241029093807,20241029093855,10,1,47,0
36917,6,L1A,3,20241029093855,20241029093900,12,1,4,0
36919,6,L1A,3,20241029093901,20241029093935,10,1,33,0
36925,6,L1A,3,20241029093935,20241029093943,12,1,7,0
36929,6,L1A,3,20241029093944,20241029094021,10,1,36,0
36935,6,L1A,3,20241029094022,20241029094032,12,1,9,0
36939,6,L1A,3,20241029094032,20241029094114,10,1,41,0
36942,6,L1A,3,20241029094114,20241029094127,12,1,12,0
36943,6,L1A,3,20241029094127,20241029094149,10,1,21,0
36948,6,L1A,3,20241029094149,20241029094157,12,1,7,0
36952,6,L1A,3,20241029094157,20241029094201,10,1,3,0
36954,6,L1A,3,20241029094202,20241029094215,12,1,12,0
36956,6,L1A,3,20241029094215,20241029094232,10,1,16,0
36959,6,L1A,3,20241029094232,20241029094240,12,1,7,0
36963,6,L1A,3,20241029094240,20241029094245,10,1,4,0
36965,6,L1A,3,20241029094245,20241029094257,12,1,11,0
36966,6,L1A,3,20241029094257,20241029094339,10,1,41,0
36976,6,L1A,3,20241029094349,20241029094353,10,1,3,0
36977,6,L1A,3,20241029094354,20241029094405,12,1,10,0
36979,6,L1A,3,20241029094406,20241029094424,10,1,17,0
36982,6,L1A,3,20241029094424,20241029094434,12,1,9,0
36988,6,L1A,3,20241029094434,20241029094439,10,1,4,0
36989,6,L1A,3,20241029094439,20241029094452,12,1,12,0
36993,6,L1A,3,20241029094452,20241029094512,10,1,19,0
36996,6,L1A,3,20241029094525,20241029094529,10,1,3,0
36998,6,L1A,3,20241029094529,20241029094540,12,1,10,0
36999,6,L1A,3,20241029094541,20241029094730,10,1,108,0
37014,6,L1A,3,20241029094730,20241029094736,12,1,5,0
37018,6,L1A,3,20241029094738,20241029094814,10,1,35,0
37024,6,L1A,3,20241029094814,20241029094824,12,1,9,0
37025,6,L1A,3,20241029094824,20241029094856,10,1,31,0
37029,6,L1A,3,20241029094857,20241029094915,12,1,17,0
37034,6,L1A,3,20241029094916,20241029094923,10,1,6,0
37036,6,L1A,3,20241029094923,20241029094935,12,1,11,0
37038,6,L1A,3,20241029094935,20241029094940,10,1,4,0
37039,6,L1A,3,20241029094940,20241029094944,12,1,3,0
37040,6,L1A,3,20241029094944,20241029094954,10,1,9,0
37043,6,L1A,3,20241029094955,20241029095003,12,1,7,0
37045,6,L1A,3,20241029095004,20241029095009,10,1,4,0
37047,6,L1A,3,20241029095009,20241029095017,12,1,7,0
37049,6,L1A,3,20241029095017,20241029095141,10,1,83,0
37061,6,L1A,3,20241029095142,20241029095153,12,1,10,0
37064,6,L1A,3,20241029095154,20241029095159,10,1,4,0
37067,6,L1A,3,20241029095159,20241029095205,12,1,5,0
37068,6,L1A,3,20241029095205,20241029095225,10,1,19,0
37072,6,L1A,3,20241029095225,20241029095233,12,1,7,0
37075,6,L1A,3,20241029095233,20241029095238,10,1,4,0
37076,6,L1A,3,20241029095238,20241029095247,12,1,8,0
37080,6,L1A,3,20241029095248,20241029095319,10,1,30,0
37084,6,L1A,3,20241029095319,20241029095327,12,1,7,0
37085,6,L1A,3,20241029095327,20241029095332,10,1,4,0
37087,6,L1A,3,20241029095332,20241029095350,12,1,17,0
37090,6,L1A,3,20241029095351,20241029095429,10,1,37,0
37095,6,L1A,3,20241029095429,20241029095447,12,1,17,0
37099,6,L1A,3,20241029095447,20241029095452,10,1,4,0
37102,6,L1A,3,20241029095452,20241029095505,12,1,12,0
37105,6,L1A,3,20241029095506,20241029095559,10,1,52,0
37110,6,L1A,3,20241029095600,20241029095654,12,1,53,0
37116,6,L1A,3,20241029095655,20241029095700,10,1,4,0
37117,6,L1A,3,20241029095700,20241029095703,12,1,2,0
37118,6,L1A,3,20241029095704,20241029095718,10,1,13,0
37119,6,L1A,3,20241029095719,20241029095727,12,1,7,0
37121,6,L1A,3,20241029095728,20241029095732,10,1,3,0
37122,6,L1A,3,20241029095732,20241029095743,12,1,10,0
37126,6,L1A,3,20241029095743,20241029095757,10,1,13,0
37129,6,L1A,3,20241029095757,20241029095805,12,1,7,0
37132,6,L1A,3,20241029095805,20241029095810,10,1,4,0
37133,6,L1A,3,20241029095810,20241029095822,12,1,11,0
37136,6,L1A,3,20241029095822,20241029095837,10,1,14,0
37138,6,L1A,3,20241029095838,20241029095845,12,1,6,0
37140,6,L1A,3,20241029095845,20241029095850,10,1,4,0
37141,6,L1A,3,20241029095850,20241029095856,12,1,5,0
37143,6,L1A,3,20241029095856,20241029095943,10,1,46,0
37150,6,L1A,3,20241029095944,20241029095951,12,1,6,0
37155,6,L1A,3,20241029095951,20241029100029,10,1,37,0
37160,6,L1A,3,20241029100030,20241029100036,12,1,5,0
37162,6,L1A,3,20241029100036,20241029100622,10,1,345,0
37172,6,L1A,3,20241029100624,20241029100659,12,1,34,0
37177,6,L1A,3,20241029100700,20241029100704,10,1,3,0
37178,6,L1A,3,20241029100704,20241029100717,12,1,12,0
37181,6,L1A,3,20241029100718,20241029100840,10,1,81,0
37190,6,L1A,3,20241029100840,20241029100858,12,1,17,0
37192,6,L1A,3,20241029100858,20241029100904,10,1,5,0
37194,6,L1A,3,20241029100914,20241029100924,10,1,9,0
37195,6,L1A,3,20241029100925,20241029100937,12,1,11,0
37197,6,L1A,3,20241029100941,20241029100953,12,1,11,0
37199,6,L1A,3,20241029100953,20241029101006,10,1,12,0
37202,6,L1A,3,20241029101006,20241029101015,12,1,8,0
37203,6,L1A,3,20241029101016,20241029101021,10,1,4,0
37204,6,L1A,3,20241029101022,20241029101034,12,1,11,0
37205,6,L1A,3,20241029101034,20241029101312,10,1,157,0
37227,6,L1A,3,20241029101312,20241029101326,12,1,13,0
37229,6,L1A,3,20241029101326,20241029101346,10,1,19,0
37232,6,L1A,3,20241029101346,20241029101411,12,1,24,0
37236,6,L1A,3,20241029101411,20241029101416,10,1,4,0
37238,6,L1A,3,20241029101416,20241029101428,12,1,11,0
37241,6,L1A,3,20241029101428,20241029101446,10,1,17,0
37247,6,L1A,3,20241029101446,20241029101459,12,1,12,0
37250,6,L1A,3,20241029101500,20241029101505,10,1,4,0
37252,6,L1A,3,20241029101506,20241029101519,12,1,12,0
37256,6,L1A,3,20241029101519,20241029101600,10,1,40,0
37266,6,L1A,3,20241029101608,20241029101613,10,1,4,0
37267,6,L1A,3,20241029101613,20241029101625,12,1,11,0
37272,6,L1A,3,20241029101625,20241029101725,10,1,59,0
37278,6,L1A,3,20241029101726,20241029101735,12,1,8,0
37279,6,L1A,3,20241029101735,20241029101740,10,1,4,0
37281,6,L1A,3,20241029101740,20241029101753,12,1,12,0
37284,6,L1A,3,20241029101753,20241029101919,10,1,85,0
37302,6,L1A,3,20241029101942,20241029101947,10,1,4,0
37304,6,L1A,3,20241029101948,20241029101957,12,1,8,0
37305,6,L1A,3,20241029101957,20241029102007,10,1,9,0
37308,6,L1A,3,20241029102007,20241029102015,12,1,7,0
37310,6,L1A,3,20241029102015,20241029102020,10,1,4,0
37311,6,L1A,3,20241029102020,20241029102031,12,1,10,0
37312,6,L1A,3,20241029102031,20241029102045,10,1,13,0
37315,6,L1A,3,20241029102046,20241029102055,12,1,8,0
37318,6,L1A,3,20241029102055,20241029102101,10,1,5,0
37319,6,L1A,3,20241029102107,20241029102150,10,1,42,0
37330,6,L1A,3,20241029102158,20241029102201,10,1,2,0
37332,6,L1A,3,20241029102212,20241029102313,10,1,60,0
37343,6,L1A,3,20241029102313,20241029102337,12,1,23,0
37347,6,L1A,3,20241029102337,20241029102342,10,1,4,0
37348,6,L1A,3,20241029102342,20241029102351,12,1,8,0
37350,6,L1A,3,20241029102351,20241029102403,10,1,11,0
37354,6,L1A,3,20241029102403,20241029102408,12,1,4,0
37355,6,L1A,3,20241029102408,20241029102413,10,1,4,0
37356,6,L1A,3,20241029102413,20241029102423,12,1,9,0
37358,6,L1A,3,20241029102423,20241029102451,10,1,27,0
37362,6,L1A,3,20241029102451,20241029102500,12,1,8,0
37363,6,L1A,3,20241029102500,20241029102532,10,1,31,0
37368,6,L1A,3,20241029102532,20241029102542,12,1,9,0
37369,6,L1A,3,20241029102542,20241029102626,10,1,43,0
37378,6,L1A,3,20241029102626,20241029102632,12,1,5,0
37382,6,L1A,3,20241029102632,20241029102637,10,1,4,0
37383,6,L1A,3,20241029102637,20241029102648,12,1,10,0
37390,6,L1A,3,20241029102725,20241029102735,12,1,9,0
37394,6,L1A,3,20241029102735,20241029102740,10,1,4,0
37395,6,L1A,3,20241029102740,20241029102752,12,1,11,0
37398,6,L1A,3,20241029102752,20241029102811,10,1,18,0
37403,6,L1A,3,20241029102811,20241029102824,12,1,12,0
37406,6,L1A,3,20241029102824,20241029102829,10,1,4,0
37407,6,L1A,3,20241029102829,20241029102837,12,1,7,0
37409,6,L1A,3,20241029102837,20241029102856,10,1,18,0
37412,6,L1A,3,20241029102856,20241029102902,12,1,5,0
37413,6,L1A,3,20241029102902,20241029102907,10,1,4,0
37415,6,L1A,3,20241029102907,20241029102917,12,1,9,0
37418,6,L1A,3,20241029102917,20241029103111,10,1,113,0
37439,6,L1A,3,20241029103111,20241029103113,12,1,1,0
37440,6,L1A,3,20241029103113,20241029103205,10,1,51,0
37450,6,L1A,3,20241029103205,20241029103209,12,1,3,0
37457,6,L1A,3,20241029103209,20241029103257,10,1,47,0
37460,6,L1A,3,20241029103257,20241029103305,12,1,7,0
37463,6,L1A,3,20241029103309,20241029103318,12,1,8,0
37466,6,L1A,3,20241029103318,20241029103339,10,1,20,0
37469,6,L1A,3,20241029103339,20241029103344,12,1,4,0
37472,6,L1A,3,20241029103345,20241029103349,10,1,3,0
37475,6,L1A,3,20241029103350,20241029103412,12,1,21,0
37479,6,L1A,3,20241029103414,20241029103419,10,1,4,0
37482,6,L1A,3,20241029103419,20241029103423,12,1,3,0
37484,6,L1A,3,20241029103423,20241029103553,10,1,89,0
37494,6,L1A,3,20241029103553,20241029103601,12,1,7,0
37496,6,L1A,3,20241029103605,20241029103613,12,1,7,0
37498,6,L1A,3,20241029103614,20241029103630,10,1,15,0
37501,6,L1A,3,20241029103639,20241029103644,10,1,4,0
37504,6,L1A,3,20241029103645,20241029103656,12,1,10,0
37506,6,L1A,3,20241029103656,20241029103721,10,1,24,0
37508,6,L1A,3,20241029103721,20241029103728,12,1,6,0
37510,6,L1A,3,20241029103728,20241029103733,10,1,4,0
37513,6,L1A,3,20241029103733,20241029103812,12,1,38,0
37516,6,L1A,3,20241029103813,20241029103834,10,1,20,0
37521,6,L1A,3,20241029103841,20241029103846,10,1,4,0
37524,6,L1A,3,20241029103846,20241029103855,12,1,8,0
37527,6,L1A,3,20241029103855,20241029103914,10,1,18,0
37530,6,L1A,3,20241029103914,20241029103922,12,1,7,0
37533,6,L1A,3,20241029103922,20241029103928,10,1,5,0
37536,6,L1A,3,20241029103938,20241029104116,10,1,97,0
37551,6,L1A,3,20241029104117,20241029104122,12,1,4,0
37552,6,L1A,3,20241029104126,20241029104130,12,1,3,0
37554,6,L1A,3,20241029104130,20241029104201,10,1,30,0
37560,6,L1A,3,20241029104201,20241029104209,12,1,7,0
37561,6,L1A,3,20241029104209,20241029104214,10,1,4,0
37564,6,L1A,3,20241029104215,20241029104221,12,1,5,0
37566,6,L1A,3,20241029104221,20241029104244,10,1,22,0
37569,6,L1A,3,20241029104244,20241029104249,12,1,4,0
37570,6,L1A,3,20241029104249,20241029104254,10,1,4,0
37571,6,L1A,3,20241029104254,20241029104305,12,1,10,0
37575,6,L1A,3,20241029104305,20241029104324,10,1,18,0
37577,6,L1A,3,20241029104324,20241029104330,12,1,5,0
37578,6,L1A,3,20241029104330,20241029104335,10,1,4,0
37579,6,L1A,3,20241029104335,20241029104345,12,1,9,0
37581,6,L1A,3,20241029104346,20241029104428,10,1,41,0
37591,6,L1A,3,20241029104452,20241029104457,10,1,4,0
37593,6,L1A,3,20241029104457,20241029104506,12,1,8,0
37595,6,L1A,3,20241029104506,20241029104517,10,1,10,0
37596,6,L1A,3,20241029104517,20241029104528,12,1,10,0
37600,6,L1A,3,20241029104532,20241029104538,12,1,5,0
37602,6,L1A,3,20241029104538,20241029104633,10,1,54,0
37611,6,L1A,3,20241029104633,20241029104640,12,1,6,0
37612,6,L1A,3,20241029104645,20241029104701,12,1,15,0
37617,6,L1A,3,20241029104701,20241029104832,10,1,90,0
37627,6,L1A,3,20241029104832,20241029104842,12,1,9,0
37628,6,L1A,3,20241029104842,20241029104847,10,1,4,0
37629,6,L1A,3,20241029104847,20241029104857,12,1,9,0
37632,6,L1A,3,20241029104857,20241029104946,10,1,48,0
37638,6,L1A,3,20241029104947,20241029105001,12,1,13,0
37642,6,L1A,3,20241029105001,20241029105006,10,1,4,0
37643,6,L1A,3,20241029105006,20241029105030,12,1,23,0
37644,6,L1A,3,20241029105030,20241029105042,10,1,11,0
37647,6,L1A,3,20241029105042,20241029105053,12,1,10,0
37650,6,L1A,3,20241029105053,20241029105058,10,1,4,0
37653,6,L1A,3,20241029105059,20241029105109,12,1,9,0
37655,6,L1A,3,20241029105110,20241029105202,10,1,51,0
37662,6,L1A,3,20241029105202,20241029105212,12,1,9,0
37663,6,L1A,3,20241029105213,20241029105217,10,1,3,0
37665,6,L1A,3,20241029105217,20241029105225,12,1,7,0
37666,6,L1A,3,20241029105225,20241029105240,10,1,14,0
37668,6,L1A,3,20241029105240,20241029105247,12,1,6,0
37669,6,L1A,3,20241029105248,20241029105253,10,1,4,0
37671,6,L1A,3,20241029105253,20241029105302,12,1,8,0
37674,6,L1A,3,20241029105302,20241029105338,10,1,35,0
37680,6,L1A,3,20241029105339,20241029105348,12,1,8,0
37683,6,L1A,3,20241029105348,20241029105353,10,1,4,0
37684,6,L1A,3,20241029105353,20241029105402,12,1,8,0
37688,6,L1A,3,20241029105403,20241029105416,10,1,12,0
37690,6,L1A,3,20241029105416,20241029105427,12,1,10,0
37692,6,L1A,3,20241029105427,20241029105439,10,1,11,0
37695,6,L1A,3,20241029105439,20241029105442,12,1,2,0
37696,6,L1A,3,20241029105442,20241029105501,10,1,18,0
37698,6,L1A,3,20241029105502,20241029105515,12,1,12,0
37700,6,L1A,3,20241029105515,20241029105520,10,1,4,0
37701,6,L1A,3,20241029105520,20241029105529,12,1,8,0
37704,6,L1A,3,20241029105530,20241029105805,10,1,154,0
37729,6,L1A,3,20241029105806,20241029105815,12,1,8,0
37731,6,L1A,3,20241029105815,20241029105821,10,1,5,0
37732,6,L1A,3,20241029105826,20241029105851,10,1,24,0
37734,6,L1A,3,20241029105851,20241029105857,12,1,5,0
37737,6,L1A,3,20241029105858,20241029105958,10,1,59,0
37747,6,L1A,3,20241029105958,20241029110007,12,1,8,0
37748,6,L1A,3,20241029110017,20241029110021,12,1,3,0
37749,6,L1A,3,20241029110022,20241029110059,10,1,36,0
37755,6,L1A,3,20241029110059,20241029110117,12,1,17,0
37758,6,L1A,3,20241029110117,20241029110123,10,1,5,0
37759,6,L1A,3,20241029110133,20241029110202,10,1,28,0
37768,6,L1A,3,20241029110202,20241029110211,12,1,8,0
37772,6,L1A,3,20241029110212,20241029110243,10,1,30,0
37779,6,L1A,3,20241029110243,20241029110254,12,1,10,0
37785,6,L1A,3,20241029110255,20241029110617,10,1,201,0
37804,6,L1A,3,20241029110617,20241029110803,12,1,105,0
37823,6,L1A,3,20241029110804,20241029110809,10,1,4,0
37825,6,L1A,3,20241029110809,20241029110817,12,1,7,0
37827,6,L1A,3,20241029110818,20241029110828,10,1,9,0
37828,6,L1A,3,20241029110828,20241029110839,12,1,10,0
37832,6,L1A,3,20241029110840,20241029110846,10,1,5,0
37835,6,L1A,3,20241029110846,20241029110855,12,1,8,0
37837,6,L1A,3,20241029110855,20241029110914,10,1,18,0
37840,6,L1A,3,20241029110915,20241029110920,12,1,4,0
37842,6,L1A,3,20241029110921,20241029110926,10,1,4,0
37844,6,L1A,3,20241029110926,20241029110934,12,1,7,0
37846,6,L1A,3,20241029110934,20241029111006,10,1,31,0
37853,6,L1A,3,20241029111006,20241029111014,12,1,7,0
37855,6,L1A,3,20241029111014,20241029111020,10,1,5,0
37857,6,L1A,3,20241029111020,20241029111029,12,1,8,0
37859,6,L1A,3,20241029111029,20241029111044,10,1,14,0
37864,6,L1A,3,20241029111044,20241029111051,12,1,6,0
37866,6,L1A,3,20241029111052,20241029111057,10,1,4,0
37868,6,L1A,3,20241029111058,20241029111110,12,1,11,0
37871,6,L1A,3,20241029111128,20241029111315,12,1,106,0
37880,6,L1A,3,20241029111315,20241029111354,10,1,38,0
37886,6,L1A,3,20241029111354,20241029111358,12,1,3,0
37888,6,L1A,3,20241029111359,20241029111404,10,1,4,0
37890,6,L1A,3,20241029111405,20241029111417,12,1,11,0
37896,6,L1A,3,20241029111417,20241029111430,10,1,12,0
37898,6,L1A,3,20241029111430,20241029111436,12,1,5,0
37901,6,L1A,3,20241029111436,20241029111442,10,1,5,0
37902,6,L1A,3,20241029111442,20241029111451,12,1,8,0
37904,6,L1A,3,20241029111451,20241029111510,10,1,18,0
37906,6,L1A,3,20241029111511,20241029111518,12,1,6,0
37908,6,L1A,3,20241029111518,20241029111522,10,1,3,0
37909,6,L1A,3,20241029111523,20241029111531,12,1,7,0
37912,6,L1A,3,20241029111531,20241029111607,10,1,35,0
37917,6,L1A,3,20241029111607,20241029111622,12,1,14,0
37921,6,L1A,3,20241029111622,20241029111653,10,1,30,0
37928,6,L1A,3,20241029111654,20241029111657,12,1,2,0
37930,6,L1A,3,20241029111657,20241029111819,10,1,81,0
37939,6,L1A,3,20241029111819,20241029111829,12,1,9,0
37942,6,L1A,3,20241029111829,20241029111858,10,1,28,0
37947,6,L1A,3,20241029111859,20241029111901,12,1,1,0
37948,6,L1A,3,20241029111901,20241029111906,10,1,4,0
37950,6,L1A,3,20241029111907,20241029111915,12,1,7,0
37951,6,L1A,3,20241029111915,20241029111957,10,1,41,0
37959,6,L1A,3,20241029111958,20241029112006,12,1,7,0
37962,6,L1A,3,20241029112006,20241029112010,10,1,3,0
37964,6,L1A,3,20241029112011,20241029112020,12,1,8,0
37967,6,L1A,3,20241029112020,20241029112038,10,1,17,0
37971,6,L1A,3,20241029112039,20241029112048,12,1,8,0
37975,6,L1A,3,20241029112048,20241029112053,10,1,4,0
37976,6,L1A,3,20241029112053,20241029112101,12,1,7,0
37978,6,L1A,3,20241029112102,20241029112128,10,1,25,0
37982,6,L1A,3,20241029112128,20241029112137,12,1,8,0
37985,6,L1A,3,20241029112138,20241029112220,10,1,41,0
37990,6,L1A,3,20241029112220,20241029112227,12,1,6,0
37991,6,L1A,3,20241029112227,20241029112259,10,1,31,0
37998,6,L1A,3,20241029112259,20241029112307,12,1,7,0
38009,6,L1A,3,20241029112307,20241029112437,10,1,89,0
38014,6,L1A,3,20241029112437,20241029112535,12,1,57,0
38020,6,L1A,3,20241029112539,20241029112549,12,1,9,0
38022,6,L1A,3,20241029112550,20241029112648,10,1,57,0
38032,6,L1A,3,20241029112648,20241029112656,12,1,7,0
38035,6,L1A,3,20241029112700,20241029112709,12,1,8,0
38037,6,L1A,3,20241029112709,20241029112728,10,1,18,0
38041,6,L1A,3,20241029112728,20241029112733,12,1,4,0
38043,6,L1A,3,20241029112733,20241029112738,10,1,4,0
38044,6,L1A,3,20241029112739,20241029112746,12,1,6,0
38048,6,L1A,3,20241029112746,20241029112833,10,1,46,0
38057,6,L1A,3,20241029112834,20241029112840,12,1,5,0
38059,6,L1A,3,20241029112840,20241029112844,10,1,3,0
38060,6,L1A,3,20241029112845,20241029112856,12,1,10,0
38061,6,L1A,3,20241029112856,20241029112910,10,1,13,0
38066,6,L1A,3,20241029112910,20241029112918,12,1,7,0
38067,6,L1A,3,20241029112922,20241029112932,12,1,9,0
38071,6,L1A,3,20241029112932,20241029113322,10,1,229,0
38088,6,L1A,3,20241029113323,20241029113331,12,1,7,0
38091,6,L1A,3,20241029113331,20241029113334,10,1,3,0
38092,6,L1A,3,20241029113332,NULL,10,1,0,0
38094,6,L1A,3,20241029113336,20241029113347,12,1,10,0
38095,6,L1A,3,20241029113348,20241029113414,10,1,24,0
38099,6,L1A,3,20241029113416,20241029113424,12,1,7,0
38104,6,L1A,3,20241029113424,NULL,10,1,1,0
38103,6,L1A,3,20241029113425,20241029113428,10,1,2,0
38106,6,L1A,3,20241029113430,20241029113435,12,1,4,0
38109,6,L1A,3,20241029113437,NULL,10,1,0,0
38110,6,L1A,3,20241029113438,20241029113454,10,1,16,0
38120,6,L1A,3,20241029113457,20241029113508,12,1,10,0
38123,6,L1A,3,20241029113508,20241029113511,10,1,2,0
38122,6,L1A,3,20241029113509,20241029113510,10,1,0,0
38126,6,L1A,3,20241029113513,NULL,12,1,0,0
38127,6,L1A,3,20241029113514,20241029113522,12,1,9,0
38128,6,L1A,3,20241029113523,20241029113538,10,1,17,0
38135,6,L1A,3,20241029113541,20241029113545,12,1,3,0
38139,6,L1A,3,20241029113545,20241029113548,10,1,2,0
38137,6,L1A,3,20241029113546,20241029113547,10,1,5,0
38140,6,L1A,3,20241029113551,20241029113553,12,1,1,0
38142,6,L1A,3,20241029113555,20241029113626,10,1,31,0
38152,6,L1A,3,20241029113627,20241029113629,12,1,1,0
38157,6,L1A,3,20241029113630,20241029113633,10,1,2,0
38155,6,L1A,3,20241029113631,NULL,10,1,5,0
38162,6,L1A,3,20241029113636,20241029113645,12,1,8,0
38168,6,L1A,3,20241029113645,20241029113710,10,1,24,0
38167,6,L1A,3,20241029113646,NULL,10,1,5,0
38173,6,L1A,3,20241029113710,NULL,12,1,7,0
38176,6,L1A,3,20241029113711,20241029113726,12,1,14,0
38178,6,L1A,3,20241029113726,20241029113727,10,1,0,0
38180,6,L1A,3,20241029113730,NULL,12,1,0,0
38182,6,L1A,3,20241029113731,20241029113738,12,1,7,0
38187,6,L1A,3,20241029113738,NULL,10,1,5,0
38188,6,L1A,3,20241029113739,20241029113757,10,1,17,0
38190,6,L1A,3,20241029113758,20241029113800,12,1,1,0
38197,6,L1A,3,20241029113803,20241029113804,10,1,0,0
38198,6,L1A,3,20241029113804,20241029113806,10,1,1,0
38200,6,L1A,3,20241029113808,20241029113810,12,1,5,0
38202,6,L1A,3,20241029113809,20241029113812,12,1,2,0
38204,6,L1A,3,20241029113815,NULL,10,1,6,0
38205,6,L1A,3,20241029113816,20241029113842,10,1,25,0
38211,6,L1A,3,20241029113845,NULL,12,1,0,0
38212,6,L1A,3,20241029113846,20241029113848,12,1,1,0
38218,6,L1A,3,20241029113851,NULL,10,1,4,0
38221,6,L1A,3,20241029113852,20241029113854,10,1,1,0
38224,6,L1A,3,20241029113856,NULL,12,1,7,0
38227,6,L1A,3,20241029113857,20241029113900,12,1,2,0
38229,6,L1A,3,20241029113904,20241029113937,10,1,32,0
38238,6,L1A,3,20241029113937,NULL,12,1,1,0
38242,6,L1A,3,20241029113938,20241029113944,12,1,5,0
38243,6,L1A,3,20241029113944,20241029113949,10,1,4,0
38245,6,L1A,3,20241029113949,20241029113959,12,1,9,0
38247,6,L1A,3,20241029113959,20241029114315,10,1,195,0
38264,6,L1A,3,20241029114315,20241029114320,12,1,4,0
38265,6,L1A,3,20241029114321,20241029114325,10,1,3,0
38266,6,L1A,3,20241029114326,20241029114333,12,1,6,0
38268,6,L1A,3,20241029114333,20241029114356,10,1,22,0
38270,6,L1A,3,20241029114357,20241029114404,12,1,6,0
38272,6,L1A,3,20241029114404,20241029114409,10,1,4,0
38273,6,L1A,3,20241029114409,20241029114417,12,1,7,0
38276,6,L1A,3,20241029114418,20241029114440,10,1,21,0
38278,6,L1A,3,20241029114440,20241029114445,12,1,4,0
38279,6,L1A,3,20241029114445,20241029114450,10,1,4,0
38281,6,L1A,3,20241029114451,20241029114501,12,1,9,0
38283,6,L1A,3,20241029114501,20241029114520,10,1,18,0
38287,6,L1A,3,20241029114520,20241029114525,12,1,4,0
38290,6,L1A,3,20241029114525,20241029114530,10,1,4,0
38291,6,L1A,3,20241029114530,20241029114538,12,1,7,0
38294,6,L1A,3,20241029114539,20241029114604,10,1,24,0
38302,6,L1A,3,20241029114604,20241029114610,12,1,5,0
38303,6,L1A,3,20241029114610,20241029114615,10,1,4,0
38304,6,L1A,3,20241029114616,20241029114623,12,1,6,0
38307,6,L1A,3,20241029114624,20241029114704,10,1,39,0
38317,6,L1A,3,20241029114704,20241029114714,12,1,9,0
38320,6,L1A,3,20241029114714,20241029114719,10,1,4,0
38321,6,L1A,3,20241029114719,20241029114728,12,1,8,0
38323,6,L1A,3,20241029114728,20241029114801,10,1,32,0
38332,6,L1A,3,20241029114801,20241029114822,12,1,20,0
38335,6,L1A,3,20241029114827,20241029114835,12,1,7,0
38338,6,L1A,3,20241029114835,20241029114850,10,1,14,0
38341,6,L1A,3,20241029114850,20241029114855,12,1,4,0
38342,6,L1A,3,20241029114855,20241029114859,10,1,3,0
38344,6,L1A,3,20241029114859,20241029114909,12,1,9,0
38347,6,L1A,3,20241029114910,20241029114933,10,1,22,0
38352,6,L1A,3,20241029114933,20241029114947,12,1,13,0
38355,6,L1A,3,20241029114947,20241029114952,10,1,4,0
38356,6,L1A,3,20241029114952,20241029115001,12,1,8,0
38360,6,L1A,3,20241029115002,20241029115015,10,1,12,0
38361,6,L1A,3,20241029115016,20241029115023,12,1,6,0
38365,6,L1A,3,20241029115023,20241029115028,10,1,4,0
38367,6,L1A,3,20241029115028,20241029115038,12,1,9,0
38371,6,L1A,3,20241029115038,20241029115155,10,1,76,0
38382,6,L1A,3,20241029115200,20241029115238,10,1,37,0
38388,6,L1A,3,20241029115238,20241029115249,12,1,10,0
38392,6,L1A,3,20241029115249,20241029115516,10,1,146,0
38409,6,L1A,3,20241029115516,20241029115522,12,1,5,0
38412,6,L1A,3,20241029115523,20241029115609,10,1,45,0
38424,6,L1A,3,20241029115610,20241029115626,12,1,15,0
38426,6,L1A,3,20241029115626,20241029115653,10,1,26,0
38431,6,L1A,3,20241029115653,20241029115705,12,1,11,0
38436,6,L1A,3,20241029115705,20241029115743,10,1,37,0
38440,6,L1A,3,20241029115743,20241029115752,12,1,8,0
38441,6,L1A,3,20241029115753,20241029115757,10,1,3,0
38443,6,L1A,3,20241029115757,20241029115810,12,1,12,0
38447,6,L1A,3,20241029115810,20241029125506,10,1,3415,0
38499,6,L1A,3,20241029125506,20241029125552,12,1,45,0
38503,6,L1A,3,20241029125552,20241029125807,10,1,134,0
38516,6,L1A,3,20241029125808,20241029125820,12,1,11,0
38518,6,L1A,3,20241029125820,20241029125933,10,1,72,0
38531,6,L1A,3,20241029125933,20241029125945,12,1,11,0
38534,6,L1A,3,20241029125945,20241029130013,10,1,27,0
38538,6,L1A,3,20241029130014,20241029130024,12,1,9,0
38541,6,L1A,3,20241029130024,20241029130121,10,1,56,0
38552,6,L1A,3,20241029130136,20241029130141,10,1,4,0
38555,6,L1A,3,20241029130142,20241029130148,12,1,5,0
38556,6,L1A,3,20241029130148,20241029130206,10,1,17,0
38560,6,L1A,3,20241029130215,20241029130227,10,1,11,0
38561,6,L1A,3,20241029130227,20241029130232,12,1,4,0
38563,6,L1A,3,20241029130233,20241029130252,10,1,18,0
38569,6,L1A,3,20241029130252,20241029130301,12,1,8,0
38571,6,L1A,3,20241029130301,20241029130306,10,1,4,0
38572,6,L1A,3,20241029130306,20241029130315,12,1,8,0
38575,6,L1A,3,20241029130316,20241029130332,10,1,15,0
38577,6,L1A,3,20241029130332,20241029130342,12,1,9,0
38581,6,L1A,3,20241029130343,20241029130348,10,1,4,0
38582,6,L1A,3,20241029130348,20241029130402,12,1,13,0
38583,6,L1A,3,20241029130402,20241029130448,10,1,45,0
38589,6,L1A,3,20241029130449,20241029130513,12,1,24,0
38593,6,L1A,3,20241029130513,NULL,10,1,7,0
38594,6,L1A,3,20241029130514,20241029130528,10,1,14,0
38596,6,L1A,3,20241029130529,20241029130622,12,1,52,0
38613,6,L1A,3,20241029130622,NULL,10,1,2,0
38611,6,L1A,3,20241029130623,20241029130624,10,1,0,0
38614,6,L1A,3,20241029130627,NULL,12,1,4,0
38615,6,L1A,3,20241029130628,20241029130641,12,1,15,0
38623,6,L1A,3,20241029130643,20241029130654,10,1,10,0
38625,6,L1A,3,20241029130653,NULL,12,1,5,0
38626,6,L1A,3,20241029130654,20241029130703,12,1,10,0
38629,6,L1A,3,20241029130704,20241029130707,10,1,2,0
38627,6,L1A,3,20241029130705,NULL,10,1,4,0
38630,6,L1A,3,20241029130710,20241029130718,12,1,7,0
38634,6,L1A,3,20241029130718,NULL,10,1,0,0
38635,6,L1A,3,20241029130719,20241029130732,10,1,12,0
38645,6,L1A,3,20241029130732,20241029130737,12,1,4,0
38643,6,L1A,3,20241029130733,NULL,12,1,7,0
38648,6,L1A,3,20241029130741,20241029130746,10,1,4,0
38651,6,L1A,3,20241029130746,20241029130755,12,1,8,0
38657,6,L1A,3,20241029130756,20241029130811,10,1,14,0
38665,6,L1A,3,20241029130814,20241029130822,12,1,7,0
38671,6,L1A,3,20241029130822,20241029130824,10,1,1,0
38673,6,L1A,3,20241029130827,20241029130834,12,1,6,0
38677,6,L1A,3,20241029130836,20241029130917,10,1,40,0
38684,6,L1A,3,20241029130918,20241029130928,12,1,9,0
38690,6,L1A,3,20241029130928,20241029130959,10,1,30,0
38694,6,L1A,3,20241029130959,20241029131007,12,1,7,0
38696,6,L1A,3,20241029131007,20241029131048,10,1,40,0
38703,6,L1A,3,20241029131048,20241029131057,12,1,8,0
38706,6,L1A,3,20241029131057,20241029131131,10,1,33,0
38713,6,L1A,3,20241029131131,20241029131147,12,1,15,0
38714,6,L1A,3,20241029131147,20241029131223,10,1,35,0
38722,6,L1A,3,20241029131223,20241029131233,12,1,9,0
38725,6,L1A,3,20241029131234,20241029131311,10,1,36,0
38732,6,L1A,3,20241029131311,20241029131320,12,1,8,0
38734,6,L1A,3,20241029131320,20241029131348,10,1,27,0
38739,6,L1A,3,20241029131349,20241029131358,12,1,8,0
38741,6,L1A,3,20241029131358,20241029131404,10,1,5,0
38744,6,L1A,3,20241029131404,20241029131410,12,1,5,0
38745,6,L1A,3,20241029131410,20241029131441,10,1,30,0
38747,6,L1A,3,20241029131442,20241029131448,12,1,5,0
38749,6,L1A,3,20241029131448,20241029131534,10,1,45,0
38757,6,L1A,3,20241029131534,20241029131539,12,1,4,0
38759,6,L1A,3,20241029131540,20241029131622,10,1,41,0
38766,6,L1A,3,20241029131622,20241029131627,12,1,4,0
38767,6,L1A,3,20241029131628,20241029131632,10,1,3,0
38769,6,L1A,3,20241029131632,20241029131651,12,1,18,0
38772,6,L1A,3,20241029131651,20241029131724,10,1,32,0
38781,6,L1A,3,20241029131724,20241029131735,12,1,10,0
38785,6,L1A,3,20241029131735,20241029131741,10,1,5,0
38787,6,L1A,3,20241029131741,20241029131750,12,1,8,0
38792,6,L1A,3,20241029131750,20241029131807,10,1,16,0
38793,6,L1A,3,20241029131807,20241029131813,12,1,5,0
38796,6,L1A,3,20241029131813,20241029131818,10,1,4,0
38798,6,L1A,3,20241029131818,20241029131832,12,1,13,0
38801,6,L1A,3,20241029131832,20241029131854,10,1,21,0
38805,6,L1A,3,20241029131854,20241029131901,12,1,6,0
38808,6,L1A,3,20241029131902,20241029131906,10,1,3,0
38812,6,L1A,3,20241029131906,20241029131919,12,1,12,0
38818,6,L1A,3,20241029131920,20241029131940,10,1,19,0
38820,6,L1A,3,20241029131940,20241029131946,12,1,5,0
38822,6,L1A,3,20241029131947,20241029131952,10,1,4,0
38823,6,L1A,3,20241029131953,20241029132003,12,1,9,0
38826,6,L1A,3,20241029132003,20241029132034,10,1,30,0
38832,6,L1A,3,20241029132034,20241029132042,12,1,7,0
38834,6,L1A,3,20241029132042,20241029132047,10,1,4,0
38836,6,L1A,3,20241029132048,20241029132058,12,1,9,0
38840,6,L1A,3,20241029132058,20241029132115,10,1,16,0
38843,6,L1A,3,20241029132124,20241029132128,10,1,3,0
38845,6,L1A,3,20241029132128,20241029132138,12,1,9,0
38846,6,L1A,3,20241029132139,20241029132223,10,1,43,0
38852,6,L1A,3,20241029132224,20241029132233,12,1,8,0
38854,6,L1A,3,20241029132233,20241029132238,10,1,4,0
38856,6,L1A,3,20241029132238,20241029132247,12,1,8,0
38858,6,L1A,3,20241029132248,20241029132425,10,1,96,0
38869,6,L1A,3,20241029132434,20241029132439,10,1,4,0
38870,6,L1A,3,20241029132440,20241029132457,12,1,16,0
38872,6,L1A,3,20241029132458,20241029132524,10,1,25,0
38875,6,L1A,3,20241029132525,20241029132535,12,1,9,0
38878,6,L1A,3,20241029132535,20241029132541,10,1,5,0
38880,6,L1A,3,20241029132541,20241029132550,12,1,8,0
38881,6,L1A,3,20241029132550,20241029132603,10,1,12,0
38883,6,L1A,3,20241029132603,20241029132611,12,1,7,0
38886,6,L1A,3,20241029132611,20241029132616,10,1,4,0
38887,6,L1A,3,20241029132616,20241029132626,12,1,9,0
38891,6,L1A,3,20241029132626,20241029132656,10,1,29,0
38894,6,L1A,3,20241029132656,20241029132706,12,1,9,0
38896,6,L1A,3,20241029132706,20241029132710,10,1,3,0
38898,6,L1A,3,20241029132711,20241029132721,12,1,9,0
38903,6,L1A,3,20241029132721,20241029132736,10,1,14,0
38906,6,L1A,3,20241029132736,20241029132745,12,1,8,0
38908,6,L1A,3,20241029132745,20241029132751,10,1,5,0
38910,6,L1A,3,20241029132751,20241029132802,12,1,10,0
38913,6,L1A,3,20241029132802,20241029132839,10,1,36,0
38918,6,L1A,3,20241029132839,20241029132848,12,1,8,0
38920,6,L1A,3,20241029132848,20241029132853,10,1,4,0
38922,6,L1A,3,20241029132853,20241029132902,12,1,8,0
38926,6,L1A,3,20241029132903,20241029132918,10,1,14,0
38929,6,L1A,3,20241029132919,20241029132943,12,1,23,0
38933,6,L1A,3,20241029132945,20241029132949,10,1,3,0
38934,6,L1A,3,20241029132949,20241029132957,12,1,7,0
38935,6,L1A,3,20241029132958,20241029133011,10,1,12,0
38938,6,L1A,3,20241029133012,20241029133025,12,1,12,0
38941,6,L1A,3,20241029133025,20241029133030,10,1,4,0
38943,6,L1A,3,20241029133030,20241029133041,12,1,10,0
38946,6,L1A,3,20241029133041,20241029133056,10,1,14,0
38948,6,L1A,3,20241029133056,20241029133103,12,1,6,0
38950,6,L1A,3,20241029133104,20241029133109,10,1,4,0
38953,6,L1A,3,20241029133110,20241029133122,12,1,11,0
38958,6,L1A,3,20241029133148,20241029133159,12,1,10,0
38960,6,L1A,3,20241029133159,20241029133203,10,1,3,0
38963,6,L1A,3,20241029133204,20241029133217,12,1,12,0
38966,6,L1A,3,20241029133217,20241029133235,10,1,17,0
38968,6,L1A,3,20241029133235,20241029133249,12,1,13,0
38971,6,L1A,3,20241029133250,20241029133252,10,1,1,0
38974,6,L1A,3,20241029133307,20241029133505,10,1,117,0
38980,6,L1A,3,20241029133505,20241029133516,12,1,10,0
38982,6,L1A,3,20241029133516,20241029133520,10,1,3,0
38983,6,L1A,3,20241029133520,20241029133527,12,1,6,0
38986,6,L1A,3,20241029133527,20241029133540,10,1,12,0
38987,6,L1A,3,20241029133541,20241029133545,12,1,3,0
38988,6,L1A,3,20241029133545,20241029133552,10,1,6,0
38990,6,L1A,3,20241029133553,20241029133557,12,1,3,0
38991,6,L1A,3,20241029133557,20241029133625,10,1,27,0
38997,6,L1A,3,20241029133626,20241029133634,12,1,7,0
38999,6,L1A,3,20241029133635,20241029133640,10,1,4,0
39001,6,L1A,3,20241029133641,20241029133648,12,1,6,0
39003,6,L1A,3,20241029133648,20241029133803,10,1,74,0
39012,6,L1A,3,20241029133803,20241029133810,12,1,6,0
39013,6,L1A,3,20241029133810,20241029133815,10,1,4,0
39014,6,L1A,3,20241029133815,20241029133825,12,1,9,0
39017,6,L1A,3,20241029133825,20241029134016,10,1,110,0
39029,6,L1A,3,20241029134037,20241029134042,10,1,4,0
39030,6,L1A,3,20241029134043,20241029134051,12,1,7,0
39031,6,L1A,3,20241029134051,20241029134103,10,1,11,0
39032,6,L1A,3,20241029134104,20241029134112,12,1,7,0
39034,6,L1A,3,20241029134112,20241029134117,10,1,4,0
39036,6,L1A,3,20241029134117,20241029134127,12,1,9,0
39039,6,L1A,3,20241029134127,20241029134309,10,1,101,0
39054,6,L1A,3,20241029134309,20241029134328,12,1,18,0
39057,6,L1A,3,20241029134328,20241029134333,10,1,4,0
39058,6,L1A,3,20241029134333,20241029134343,12,1,9,0
39059,6,L1A,3,20241029134343,20241029134354,10,1,10,0
39060,6,L1A,3,20241029134354,20241029134403,12,1,8,0
39063,6,L1A,3,20241029134404,20241029134409,10,1,4,0
39064,6,L1A,3,20241029134409,20241029134415,12,1,5,0
39066,6,L1A,3,20241029134415,20241029134437,10,1,21,0
39069,6,L1A,3,20241029134437,20241029134448,12,1,10,0
39071,6,L1A,3,20241029134448,20241029134453,10,1,4,0
39072,6,L1A,3,20241029134453,20241029134504,12,1,10,0
39074,6,L1A,3,20241029134504,20241029134745,10,1,160,0
39089,6,L1A,3,20241029134747,20241029134754,12,1,6,0
39090,6,L1A,3,20241029134754,20241029134759,10,1,4,0
39092,6,L1A,3,20241029134800,20241029134805,12,1,4,0
39093,6,L1A,3,20241029134805,20241029134932,10,1,86,0
39100,6,L1A,3,20241029134933,20241029134942,12,1,8,0
39105,6,L1A,3,20241029135038,20241029135046,12,1,7,0
39107,6,L1A,3,20241029135046,20241029135050,10,1,3,0
39108,6,L1A,3,20241029135051,20241029135103,12,1,11,0
39110,6,L1A,3,20241029135103,20241029135147,10,1,43,0
39121,6,L1A,3,20241029135147,20241029135155,12,1,7,0
39122,6,L1A,3,20241029135156,20241029135200,10,1,3,0
39124,6,L1A,3,20241029135201,20241029135208,12,1,6,0
39125,6,L1A,3,20241029135208,20241029135314,10,1,65,0
39132,6,L1A,3,20241029135314,20241029135323,12,1,8,0
39133,6,L1A,3,20241029135323,20241029135327,10,1,3,0
39136,6,L1A,3,20241029135328,20241029135339,12,1,10,0
39141,6,L1A,3,20241029135339,20241029135353,10,1,13,0
39143,6,L1A,3,20241029135353,20241029135401,12,1,7,0
39145,6,L1A,3,20241029135402,20241029135407,10,1,4,0
39146,6,L1A,3,20241029135407,20241029135415,12,1,7,0
39148,6,L1A,3,20241029135415,20241029135535,10,1,79,0
39156,6,L1A,3,20241029135536,20241029135545,12,1,8,0
39159,6,L1A,3,20241029135545,20241029135550,10,1,4,0
39161,6,L1A,3,20241029135550,20241029135558,12,1,7,0
39162,6,L1A,3,20241029135558,20241029135612,10,1,13,0
39166,6,L1A,3,20241029135613,20241029135620,12,1,6,0
39168,6,L1A,3,20241029135621,20241029135627,10,1,5,0
39171,6,L1A,3,20241029135631,20241029135710,10,1,38,0
39179,6,L1A,3,20241029135712,20241029135721,12,1,8,0
39183,6,L1A,3,20241029135721,20241029135755,10,1,33,0
39189,6,L1A,3,20241029135804,20241029135939,10,1,94,0
39205,6,L1A,3,20241029135940,20241029135956,12,1,15,0
39207,6,L1A,3,20241029135956,20241029140038,10,1,41,0
39214,6,L1A,3,20241029140038,20241029140049,12,1,10,0
39217,6,L1A,3,20241029140049,20241029140054,10,1,4,0
39218,6,L1A,3,20241029140054,20241029140104,12,1,9,0
39220,6,L1A,3,20241029140106,20241029140151,10,1,44,0
39227,6,L1A,3,20241029140151,20241029140200,12,1,8,0
39229,6,L1A,3,20241029140200,20241029140204,10,1,3,0
39230,6,L1A,3,20241029140204,20241029140211,12,1,6,0
39231,6,L1A,3,20241029140211,20241029140248,10,1,36,0
39239,6,L1A,3,20241029140249,20241029140316,12,1,26,0
39243,6,L1A,3,20241029140320,20241029140324,12,1,3,0
39245,6,L1A,3,20241029140324,20241029140344,10,1,19,0
39251,6,L1A,3,20241029140344,20241029140353,12,1,8,0
39252,6,L1A,3,20241029140353,20241029140358,10,1,4,0
39253,6,L1A,3,20241029140358,20241029140411,12,1,12,0
39257,6,L1A,3,20241029140411,20241029140416,10,1,4,0
39261,6,L1A,3,20241029140848,NULL,10,1,55,0
39259,6,L1A,3,20241029140849,20241029140931,10,1,41,0
39263,6,L1A,3,20241029141540,NULL,12,1,3,0
39267,6,L1A,3,20241029141545,20241029141612,10,1,26,0
39273,6,L1A,3,20241029141613,20241029141629,12,1,15,0
39275,6,L1A,3,20241029141629,20241029141902,10,1,152,0
39296,6,L1A,3,20241029141902,20241029141947,12,1,44,0
39307,6,L1A,3,20241029141948,20241029141958,10,1,9,0
39309,6,L1A,3,20241029141958,20241029142013,12,1,14,0
39311,6,L1A,3,20241029142013,20241029142018,10,1,4,0
39313,6,L1A,3,20241029142019,20241029142025,12,1,5,0
39315,6,L1A,3,20241029142025,20241029142035,10,1,9,0
39320,6,L1A,3,20241029142036,20241029142046,12,1,9,0
39322,6,L1A,3,20241029142046,20241029142052,10,1,5,0
39324,6,L1A,3,20241029142052,20241029142103,12,1,10,0
39327,6,L1A,3,20241029142118,20241029142124,12,1,5,0
39332,6,L1A,3,20241029142128,20241029142138,12,1,9,0
39335,6,L1A,3,20241029142138,20241029142159,10,1,20,0
39340,6,L1A,3,20241029142159,20241029142205,12,1,5,0
39343,6,L1A,3,20241029142205,20241029142211,10,1,5,0
39345,6,L1A,3,20241029142211,20241029142222,12,1,10,0
39346,6,L1A,3,20241029142222,20241029142240,10,1,17,0
39351,6,L1A,3,20241029142240,20241029142248,12,1,7,0
39354,6,L1A,3,20241029142248,20241029142253,10,1,4,0
39355,6,L1A,3,20241029142253,20241029142303,12,1,9,0
39357,6,L1A,3,20241029142303,20241029142323,10,1,19,0
39362,6,L1A,3,20241029142323,20241029142331,12,1,7,0
39365,6,L1A,3,20241029142335,20241029142345,12,1,9,0
39368,6,L1A,3,20241029142345,20241029142403,10,1,17,0
39371,6,L1A,3,20241029142403,20241029142409,12,1,5,0
39373,6,L1A,3,20241029142409,20241029142419,10,1,9,0
39376,6,L1A,3,20241029142419,20241029142428,12,1,8,0
39380,6,L1A,3,20241029142429,20241029142445,10,1,15,0
39382,6,L1A,3,20241029142445,20241029142452,12,1,6,0
39386,6,L1A,3,20241029142453,20241029142457,10,1,3,0
39387,6,L1A,3,20241029142457,20241029142508,12,1,10,0
39389,6,L1A,3,20241029142509,20241029142527,10,1,17,0
39391,6,L1A,3,20241029142527,20241029142533,12,1,5,0
39393,6,L1A,3,20241029142534,20241029142538,10,1,3,0
39395,6,L1A,3,20241029142539,20241029142550,12,1,10,0
39399,6,L1A,3,20241029142550,20241029142608,10,1,17,0
39402,6,L1A,3,20241029142609,20241029142616,12,1,6,0
39403,6,L1A,3,20241029142616,20241029142622,10,1,5,0
39406,6,L1A,3,20241029142622,20241029142631,12,1,8,0
39407,6,L1A,3,20241029142631,20241029143000,10,1,208,0
39422,6,L1A,3,20241029143000,20241029143010,12,1,9,0
39423,6,L1A,3,20241029143011,20241029143017,10,1,5,0
39424,6,L1A,3,20241029143029,20241029143044,10,1,14,0
39427,6,L1A,3,20241029143045,20241029143115,12,1,29,0
39431,6,L1A,3,20241029143115,20241029143145,10,1,29,0
39433,6,L1A,3,20241029143145,20241029143154,12,1,8,0
39435,6,L1A,3,20241029143155,20241029143159,10,1,3,0
39437,6,L1A,3,20241029143200,20241029143213,12,1,12,0
39440,6,L1A,3,20241029143213,20241029143224,10,1,10,0
39443,6,L1A,3,20241029143225,20241029143235,12,1,9,0
39446,6,L1A,3,20241029143235,20241029143240,10,1,4,0
39448,6,L1A,3,20241029143240,20241029143250,12,1,9,0
39450,6,L1A,3,20241029143251,20241029143307,10,1,15,0
39453,6,L1A,3,20241029143307,20241029143322,12,1,14,0
39458,6,L1A,3,20241029143326,20241029143334,12,1,7,0
39461,6,L1A,3,20241029143335,20241029143517,10,1,101,0
39476,6,L1A,3,20241029143520,20241029143530,12,1,9,0
39478,6,L1A,3,20241029143530,20241029143535,10,1,4,0
39479,6,L1A,3,20241029143535,20241029143544,12,1,8,0
39480,6,L1A,3,20241029143545,20241029143600,10,1,14,0
39482,6,L1A,3,20241029143600,20241029143610,12,1,9,0
39486,6,L1A,3,20241029143610,20241029143615,10,1,4,0
39487,6,L1A,3,20241029143615,20241029143627,12,1,11,0
39490,6,L1A,3,20241029143628,20241029143659,10,1,30,0
39493,6,L1A,3,20241029143700,20241029143707,12,1,6,0
39496,6,L1A,3,20241029143707,20241029143711,10,1,3,0
39497,6,L1A,3,20241029143712,20241029143723,12,1,10,0
39499,6,L1A,3,20241029143724,20241029143741,10,1,16,0
39504,6,L1A,3,20241029143742,20241029143807,12,1,24,0
39510,6,L1A,3,20241029143807,20241029143812,10,1,4,0
39511,6,L1A,3,20241029143812,20241029143825,12,1,12,0
39514,6,L1A,3,20241029143825,20241029143942,10,1,76,0
39524,6,L1A,3,20241029143943,20241029143953,12,1,9,0
39525,6,L1A,3,20241029143953,20241029143959,10,1,5,0
39527,6,L1A,3,20241029143959,20241029144011,12,1,11,0
39529,6,L1A,3,20241029144011,20241029144156,10,1,104,0
39539,6,L1A,3,20241029144156,20241029144205,12,1,8,0
39540,6,L1A,3,20241029144205,20241029144210,10,1,4,0
39541,6,L1A,3,20241029144210,20241029144222,12,1,11,0
39542,6,L1A,3,20241029144222,20241029144240,10,1,17,0
39544,6,L1A,3,20241029144240,20241029144254,12,1,13,0
39548,6,L1A,3,20241029144254,20241029144259,10,1,4,0
39549,6,L1A,3,20241029144259,20241029144310,12,1,10,0
39551,6,L1A,3,20241029144310,20241029144415,10,1,64,0
39557,6,L1A,3,20241029144415,20241029144426,12,1,10,0
39558,6,L1A,3,20241029144426,20241029144432,10,1,5,0
39561,6,L1A,3,20241029144440,20241029144454,10,1,13,0
39564,6,L1A,3,20241029144454,20241029144459,12,1,4,0
39565,6,L1A,3,20241029144459,20241029144504,10,1,4,0
39566,6,L1A,3,20241029144504,20241029144515,12,1,10,0
39569,6,L1A,3,20241029144515,20241029144559,10,1,43,0
39578,6,L1A,3,20241029144600,20241029144612,12,1,11,0
39580,6,L1A,3,20241029144616,20241029144626,12,1,9,0
39584,6,L1A,3,20241029144627,20241029144719,10,1,51,0
39596,6,L1A,3,20241029144720,20241029144729,12,1,8,0
39598,6,L1A,3,20241029144729,20241029144735,10,1,5,0
39600,6,L1A,3,20241029144735,20241029144746,12,1,10,0
39602,6,L1A,3,20241029144746,20241029144823,10,1,36,0
39607,6,L1A,3,20241029144823,20241029144834,12,1,10,0
39609,6,L1A,3,20241029144835,20241029144840,10,1,4,0
39610,6,L1A,3,20241029144840,20241029144851,12,1,10,0
39612,6,L1A,3,20241029144851,20241029144908,10,1,16,0
39615,6,L1A,3,20241029144909,20241029144918,12,1,8,0
39616,6,L1A,3,20241029144918,20241029144923,10,1,4,0
39618,6,L1A,3,20241029144923,20241029144934,12,1,10,0
39622,6,L1A,3,20241029144934,20241029145021,10,1,46,0
39628,6,L1A,3,20241029145021,20241029145035,12,1,13,0
39661,6,L1A,3,20241029145625,20241029145630,10,1,4,0
39662,6,L1A,3,20241029145630,20241029145650,12,1,19,0
39664,6,L1A,3,20241029145650,20241029145702,10,1,11,0
39667,6,L1A,3,20241029145702,20241029145713,12,1,10,0
39669,6,L1A,3,20241029145713,20241029145718,10,1,4,0
39670,6,L1A,3,20241029145719,20241029145729,12,1,9,0
39674,6,L1A,3,20241029145729,20241029145805,10,1,35,0
39681,6,L1A,3,20241029145805,20241029145817,12,1,11,0
39684,6,L1A,3,20241029145817,20241029145821,10,1,3,0
39685,6,L1A,3,20241029145821,20241029145837,12,1,15,0
39690,6,L1A,3,20241029145837,20241029145918,10,1,40,0
39697,6,L1A,3,20241029145918,20241029145929,12,1,10,0
39700,6,L1A,3,20241029145929,20241029145935,10,1,5,0
39702,6,L1A,3,20241029145935,20241029145946,12,1,10,0
39706,6,L1A,3,20241029145947,20241029150000,10,1,12,0
39708,6,L1A,3,20241029150000,20241029150012,12,1,11,0
39712,6,L1A,3,20241029150012,20241029150017,10,1,4,0
39714,6,L1A,3,20241029150017,20241029150026,12,1,8,0
39716,6,L1A,3,20241029150027,20241029150735,10,1,427,0
39727,6,L1A,3,20241029150735,20241029150743,12,1,7,0
39728,6,L1A,3,20241029150743,20241029150748,10,1,4,0
39729,6,L1A,3,20241029150748,20241029150756,12,1,7,0
39732,6,L1A,3,20241029150757,20241029150953,10,1,115,0
39744,6,L1A,3,20241029150954,20241029151002,12,1,7,0
39745,6,L1A,3,20241029151003,20241029151007,10,1,3,0
39746,6,L1A,3,20241029151007,20241029151023,12,1,15,0
39747,6,L1A,3,20241029151024,20241029151127,10,1,62,0
39752,6,L1A,3,20241029151133,20241029151137,10,1,3,0
39753,6,L1A,3,20241029151137,20241029151147,12,1,9,0
39754,6,L1A,3,20241029151147,20241029151204,10,1,16,0
39755,6,L1A,3,20241029151204,20241029151217,12,1,12,0
39760,6,L1A,3,20241029151217,20241029151222,10,1,4,0
39761,6,L1A,3,20241029151222,20241029151232,12,1,9,0
39763,6,L1A,3,20241029151232,20241029151336,10,1,63,0
39772,6,L1A,3,20241029151337,20241029151345,12,1,7,0
39773,6,L1A,3,20241029151346,20241029151350,10,1,3,0
39775,6,L1A,3,20241029151350,20241029151400,12,1,9,0
39777,6,L1A,3,20241029151401,20241029151606,10,1,124,0
39791,6,L1A,3,20241029151606,20241029151622,12,1,15,0
39795,6,L1A,3,20241029151622,20241029151627,10,1,4,0
39796,6,L1A,3,20241029151627,20241029151636,12,1,8,0
39797,6,L1A,3,20241029151636,20241029151649,10,1,12,0
39798,6,L1A,3,20241029151650,20241029151659,12,1,8,0
39800,6,L1A,3,20241029151703,20241029151713,12,1,9,0
39802,6,L1A,3,20241029151713,20241029151915,10,1,121,0
39819,6,L1A,3,20241029151917,20241029151928,12,1,10,0
39820,6,L1A,3,20241029151928,20241029151933,10,1,4,0
39822,6,L1A,3,20241029151933,20241029151943,12,1,9,0
39824,6,L1A,3,20241029151943,20241029152012,10,1,28,0
39828,6,L1A,3,20241029152012,20241029152018,12,1,5,0
39831,6,L1A,3,20241029152020,20241029152025,10,1,4,0
39832,6,L1A,3,20241029152026,20241029152036,12,1,9,0
39833,6,L1A,3,20241029152036,20241029152051,10,1,14,0
39835,6,L1A,3,20241029152051,20241029152058,12,1,6,0
39840,6,L1A,3,20241029152059,20241029152105,10,1,5,0
39843,6,L1A,3,20241029152116,20241029152140,10,1,23,0
39845,6,L1A,3,20241029152140,20241029152146,12,1,5,0
39846,6,L1A,3,20241029152146,20241029152152,10,1,5,0
39849,6,L1A,3,20241029152152,20241029152200,12,1,7,0
39851,6,L1A,3,20241029152200,20241029152226,10,1,25,0
39856,6,L1A,3,20241029152226,20241029152234,12,1,7,0
39859,6,L1A,3,20241029152234,20241029152239,10,1,4,0
39863,6,L1A,3,20241029152239,20241029152248,12,1,8,0
39864,6,L1A,3,20241029152248,20241029152308,10,1,19,0
39869,6,L1A,3,20241029152309,20241029152320,12,1,10,0
39872,6,L1A,3,20241029152320,20241029152325,10,1,4,0
39874,6,L1A,3,20241029152325,20241029152333,12,1,7,0
39876,6,L1A,3,20241029152333,20241029152353,10,1,19,0
39880,6,L1A,3,20241029152353,20241029152427,12,1,33,0
39887,6,L1A,3,20241029152428,20241029152624,10,1,115,0
39901,6,L1A,3,20241029152624,20241029152640,12,1,15,0
39902,6,L1A,3,20241029152641,20241029152646,10,1,4,0
39903,6,L1A,3,20241029152647,20241029152700,12,1,12,0
39905,6,L1A,3,20241029152700,20241029152717,10,1,16,0
39906,6,L1A,3,20241029152717,20241029152804,12,1,46,0
39909,6,L1A,3,20241029152805,20241029152810,10,1,4,0
39910,6,L1A,3,20241029152810,20241029152816,12,1,5,0
39911,6,L1A,3,20241029152817,20241029152904,10,1,46,0
39914,6,L1A,3,20241029152904,20241029152924,12,1,19,0
39915,6,L1A,3,20241029152924,20241029153023,10,1,58,0
39919,6,L1A,3,20241029153024,20241029153030,12,1,5,0
39922,6,L1A,3,20241029153030,20241029153035,10,1,4,0
39924,6,L1A,3,20241029153035,20241029153037,12,1,1,0
39925,6,L1A,3,20241029153038,20241029153110,10,1,31,0
39930,6,L1A,3,20241029153110,20241029153114,12,1,3,0
39932,6,L1A,3,20241029153115,20241029153149,10,1,33,0
39936,6,L1A,3,20241029153149,20241029153150,12,1,0,0
39937,6,L1A,3,20241029153151,20241029153315,10,1,83,0
39945,6,L1A,3,20241029153315,20241029153323,12,1,7,0
39947,6,L1A,3,20241029153324,20241029153329,10,1,4,0
39948,6,L1A,3,20241029153330,20241029153337,12,1,6,0
39950,6,L1A,3,20241029153337,20241029153414,10,1,36,0
39955,6,L1A,3,20241029153414,20241029153422,12,1,7,0
39957,6,L1A,3,20241029153423,20241029153429,10,1,5,0
39959,6,L1A,3,20241029153432,20241029153501,10,1,28,0
39965,6,L1A,3,20241029153502,20241029153509,12,1,6,0
39967,6,L1A,3,20241029153509,20241029153514,10,1,4,0
39968,6,L1A,3,20241029153514,20241029153524,12,1,9,0
39970,6,L1A,3,20241029153524,20241029153542,10,1,17,0
39974,6,L1A,3,20241029153542,20241029153549,12,1,6,0
39975,6,L1A,3,20241029153549,20241029153553,10,1,3,0
39976,6,L1A,3,20241029153554,20241029153559,12,1,4,0
39981,6,L1A,3,20241029153604,20241029153617,10,1,12,0